https://nusapure.com,bet,https://sekabett1265.com,2024_12_22
https://nusapure.com,bet,https://github.com/abulho-abulho/bets10,2024_12_22
https://nusapure.com,bet,https://ppumabet.com/,2024_12_22
https://nusapure.com,bet,https://grandpashabet-giris1.fit,2024_12_22
https://nusapure.com,casino,https://casinolevant715.com,2024_12_22
https://empireskillz.com,bet,https://maps.google.com/mobile?q=Vbet+vbet+giris+vbettr+vbettr2139.com&hl=tr,2024_12_22
https://nusapure.com,casino,https://levantcasino.com,2024_12_22
https://empireskillz.com,bet,https://betilt638.com/,2024_12_22
https://nusapure.com,bet,https://t.me/betixirresmi,2024_12_22
https://nusapure.com,bet,https://www.extrabet.pro/,2024_12_22
https://nusapure.com,bet,https://twitter.com/Tipobet_2025,2024_12_22
https://nusapure.com,casino,https://elitcasino.com/,2024_12_22
https://nusapure.com,bet,https://www.tumblr.com/communities/madridbet-canl-casin-ve,2024_12_22
https://nusapure.com,casino,https://casinolevant.info,2024_12_22
https://nusapure.com,bet,https://limanbetworld.life/,2024_12_22
https://nusapure.com,bet,https://github.com/sidarthsray/bets10-com/,2024_12_22
https://empireskillz.com,bet,https://www.extrabet.pro/,2024_12_22
https://nusapure.com,bet,https://betgarantiregister.life/,2024_12_22
https://nusapure.com,bet,https://mostbets-cz.com/,2024_12_22
https://nusapure.com,bet,https://github.com/ketaas18/betinegiris/,2024_12_22
https://empireskillz.com,bet,https://m-bettilt618.com/,2024_12_22
https://nusapure.com,casino,https://casinolevantbonus.com,2024_12_22
https://empireskillz.com,bet,https://holiganbetaninda.github.io/casibomgiris/,2024_12_22
https://empireskillz.com,bet,https://heylink.me/restbetgirisi/,2024_12_22
https://nusapure.com,bet,https://www.betkanyon.ink/,2024_12_22
https://nusapure.com,bet,https://x.com/betgarfun,2024_12_22
https://nusapure.com,bet,https://qrandpashabet.com/,2024_12_22
https://nusapure.com,bet,https://vbettr1329.com/,2024_12_22
https://nusapure.com,bet,https://www.instagram.com/celtabetresmi/,2024_12_22
https://nusapure.com,bet,https://twitter.com/Luna_BetX,2024_12_22
https://nusapure.com,bet,https://m-ultrabet1019.com/,2024_12_22
https://nusapure.com,bet,https://otobet53.com/,2024_12_22
https://empireskillz.com,bet,https://matbettr.com,2024_12_22
https://nusapure.com,bet,https://nazobetguncel.org,2024_12_22
https://nusapure.com,bet,https://x.com/Ultrabet_L7_Xl,2024_12_22
https://nusapure.com,bet,https://twitter.com/ultrabet__adres,2024_12_22
https://nusapure.com,bet,https://twitter.com/Winx_Bet,2024_12_22
https://empireskillz.com,bet,https://extrabet.pro/,2024_12_22
https://nusapure.com,bet,https://m-ultrabet1006.com/,2024_12_22
https://nusapure.com,bet,https://www.tumblr.com/communities/madridbet-ile-bonus-vakti,2024_12_22
https://empireskillz.com,bet,https://fixbet.mobi/,2024_12_22
https://nusapure.com,bet,https://twitter.com/Bet_ixir,2024_12_22
https://nusapure.com,casino,https://casinolevantsikayet.com,2024_12_22
https://nusapure.com,bet,https://extrabet.pro/,2024_12_22
https://empireskillz.com,bet,https://betilt640.com/,2024_12_22
